[
  {
    "id": 1,
    "pergunta": "Por que o livro foi ao médico?",
    "resposta": "Porque ele tinha muitas páginas em branco!"
  },
  {
    "id": 2,
    "pergunta": "O que o tomate disse para o outro?",
    "resposta": "Não se esprema!"
  },
  {
    "id": 3,
    "pergunta": "Por que o lápis foi ao psicólogo?",
    "resposta": "Porque ele estava se sentindo apagado."
  },
  {
    "id": 4,
    "pergunta": "Como o elétron atende o telefone?",
    "resposta": "Próton!"
  },
  {
    "id": 5,
    "pergunta": "Qual é o cúmulo da distração?",
    "resposta": "Esquecer a piada no meio da risada."
  },
  {
    "id": 6,
    "pergunta": "Por que o computador foi ao médico?",
    "resposta": "Porque ele estava com um vírus!"
  },
  {
    "id": 7,
    "pergunta": "O que o zero disse para o oito?",
    "resposta": "Belo cinto!"
  },
  {
    "id": 8,
    "pergunta": "Por que a vaca foi para o espaço?",
    "resposta": "Para conhecer a Via Láctea!"
  },
  {
    "id": 9,
    "pergunta": "O que acontece quando chove na casa do padeiro?",
    "resposta": "Molha o pão!"
  },
  {
    "id": 10,
    "pergunta": "Por que o jacaré tirou o filho da escola?",
    "resposta": "Porque réptil de ano!"
  }
]
